<?xml version="1.0" encoding="UTF-8"?>
<project-private xmlns="http://www.netbeans.org/ns/project-private/1">
    <editor-bookmarks xmlns="http://www.netbeans.org/ns/editor-bookmarks/2" lastBookmarkId="0"/>
    <open-files xmlns="http://www.netbeans.org/ns/projectui-open-files/2">
        <group>
            <file>file:/C:/Users/kesha/Documents/NetBeansProjects/Library%20Management%20System/src/jframe/HomePage.java</file>
            <file>file:/C:/Users/kesha/Documents/NetBeansProjects/Library%20Management%20System/src/ManageBooks.java</file>
            <file>file:/C:/Users/kesha/Documents/NetBeansProjects/Library%20Management%20System/src/jframe/IssueBook.java</file>
            <file>file:/C:/Users/kesha/Documents/NetBeansProjects/Library%20Management%20System/src/jframe/ManageStudents.java</file>
            <file>file:/C:/Users/kesha/Documents/NetBeansProjects/Library%20Management%20System/src/jframe/IssueBookDetails.java</file>
            <file>file:/C:/Users/kesha/Documents/NetBeansProjects/Library%20Management%20System/src/jframe/ViewAllRecords.java</file>
            <file>file:/C:/Users/kesha/Documents/NetBeansProjects/Library%20Management%20System/src/jframe/LoginPage.java</file>
            <file>file:/C:/Users/kesha/Documents/NetBeansProjects/Library%20Management%20System/src/jframe/DefaulterList.java</file>
            <file>file:/C:/Users/kesha/Documents/NetBeansProjects/Library%20Management%20System/src/jframe/DBConnection.java</file>
            <file>file:/C:/Users/kesha/Documents/NetBeansProjects/Library%20Management%20System/src/jframe/ReturnBook.java</file>
            <file>file:/C:/Users/kesha/Documents/NetBeansProjects/Library%20Management%20System/src/jframe/SignupPage.java</file>
        </group>
    </open-files>
</project-private>
